versao,threads,n,passos,tempo_s,mlups,checksum
v0-sequencial,1,2048,50,0.138585,1510.307,1.570796326795e+03
v1-memcpy,1,2048,50,0.176313,1187.125,1.570796326795e+03
v2-doublebuf,1,2048,50,0.128802,1625.015,1.570796326795e+03
v3-firsttouch,1,2048,50,0.117166,1786.406,1.570796326795e+03
v4-regiao-unica,1,2048,50,0.122504,1708.567,1.570796326795e+03
v1-memcpy,2,2896,50,0.493874,847.911,1.570796326795e+03
v2-doublebuf,2,2896,50,0.168790,2480.967,1.570796326795e+03
v3-firsttouch,2,2896,50,0.128492,3259.062,1.570796326795e+03
v4-regiao-unica,2,2896,50,0.140572,2978.989,1.570796326795e+03
v1-memcpy,4,4096,50,0.722015,1160.699,1.570796326795e+03
v2-doublebuf,4,4096,50,0.215079,3896.437,1.570796326795e+03
v3-firsttouch,4,4096,50,0.144183,5812.359,1.570796326795e+03
v4-regiao-unica,4,4096,50,0.131930,6352.158,1.570796326795e+03
v1-memcpy,8,5793,50,1.474106,1137.492,1.570796326795e+03
v2-doublebuf,8,5793,50,0.317699,5277.900,1.570796326795e+03
v3-firsttouch,8,5793,50,0.169505,9892.224,1.570796326795e+03
v4-regiao-unica,8,5793,50,0.160311,10459.589,1.570796326795e+03
v1-memcpy,16,8192,50,3.240187,1035.065,1.570796326795e+03
v2-doublebuf,16,8192,50,0.532319,6300.372,1.570796326795e+03
v3-firsttouch,16,8192,50,0.184709,18157.270,1.570796326795e+03
v4-regiao-unica,16,8192,50,0.189597,17689.086,1.570796326795e+03
v1-memcpy,32,11585,50,4.621754,1451.461,1.570796326795e+03
v2-doublebuf,32,11585,50,0.940470,7132.914,1.570796326795e+03
v3-firsttouch,32,11585,50,0.410393,16346.020,1.570796326795e+03
v4-regiao-unica,32,11585,50,0.408131,16436.619,1.570796326795e+03
v1-memcpy,64,16384,50,11.044427,1214.956,1.570796326795e+03
v2-doublebuf,64,16384,50,2.006330,6688.079,1.570796326795e+03
v3-firsttouch,64,16384,50,0.990023,13553.717,1.570796326795e+03
v4-regiao-unica,64,16384,50,0.989806,13556.698,1.570796326795e+03
v1-memcpy,128,23170,50,25.251921,1062.803,1.570796326795e+03
v2-doublebuf,128,23170,50,2.062370,13013.094,1.570796326795e+03
v3-firsttouch,128,23170,50,2.021571,13275.723,1.570796326795e+03
v4-regiao-unica,128,23170,50,2.018754,13294.247,1.570796326795e+03
